Job Title,Link,Posted (Date),Posted (Relative),Estimated salary,Location,Contractor?,Company Name,Tag1,Tag2,Tag3
Influencer Marketing Intern,https://remoteok.com//remote-jobs/remote-influencer-marketing-intern-nextstep-1093103,2025-05-04,2h ago,💰 $30k - $60k,🇩🇪 Germany | 🇳🇴 Norway | 🇸🇪 Sweden,Not contractor,NextStep,Influencer-Marketing,Internship,Remote
Principal Product Designer,https://remoteok.com//remote-jobs/remote-principal-product-designer-15five-1093102,2025-05-04,5h ago,💰 $85k - $103k*,🇺🇸 United States | 🌏 Worldwide,Not contractor,15Five,Design,HR,Training
Operations Intern,https://remoteok.com//remote-jobs/remote-operations-intern-coingecko-1093101,2025-05-04,8h ago,💰 $35k - $75k*,🇲🇾 Malaysia,Not contractor,CoinGecko,Web3,NFT,Cryptocurrency
Software Engineer Android,https://remoteok.com//remote-jobs/remote-software-engineer-android-ontic-1093099,2025-05-03,24h ago,💰 $80k - $120k*,🇮🇳 India,Not contractor,Ontic,Software,Design,Developer
Senior Mobile Developer,https://remoteok.com//remote-jobs/remote-senior-mobile-developer-headway-1092035,2025-05-03,2d ago,💰 $100k - $130k,🇺🇸 United States,Not contractor,Headway,Senior,Developer,React Native
Computational Journalist Data Reporting,https://remoteok.com//remote-jobs/remote-computational-journalist-data-reporting-500-wp-company-llc-1093098,2025-05-03,2d ago,💰 $58k - $80k*,DC-Washington-TWP Headquarters,Not contractor,500 WP Company LLC,Embedded,Training,Software
Fullstack Software Engineer,https://remoteok.com//remote-jobs/remote-fullstack-software-engineer-blackcloak-1093097,2025-05-02,2d ago,💰 $68k - $105k*,🇺🇸 United States,Not contractor,BlackCloak,Software,Design,System
Salesforce Developer,https://remoteok.com//remote-jobs/remote-salesforce-developer-stackadapt-1093096,2025-05-02,2d ago,💰 $55k - $85k*,🇨🇦 Canada,Not contractor,StackAdapt,Salesforce,Developer,Design
Senior Technical Product Manager Wallets,https://remoteok.com//remote-jobs/remote-senior-technical-product-manager-wallets-tether-operations-limited-1093095,2025-05-02,2d ago,💰 $60k - $100k*,🌏 Probably worldwide,Not contractor,Tether Operations Limited,Manager,Defi,Crypto
Copywriter,https://remoteok.com//remote-jobs/remote-copywriter-missionwired-1093094,2025-05-02,2d ago,💰 $33k - $65k*,🇺🇸 United States,Not contractor,MissionWired,Copywriter,Support,Voice
Lead Backend Engineer Debugger,https://remoteok.com//remote-jobs/remote-lead-backend-engineer-debugger-tenderly-1093093,2025-05-02,2d ago,💰 $65k - $83k*,🇪🇺 Europe,Not contractor,Tenderly,Design,Web3,Ethereum
Commerce Editor Temporary,https://remoteok.com//remote-jobs/remote-commerce-editor-temporary-bdg-1093091,2025-05-01,3d ago,💰 $35k - $70k*,🇺🇸 United States,Not contractor,BDG,Amazon,Wordpress,Strategy
Senior Software Engineer,https://remoteok.com//remote-jobs/remote-senior-software-engineer-contra-1093088,2025-05-01,3d ago,💰 $120k - $150k,🇨🇦 Canada,⏰ Contractor,Contra,Developer,Engineer,Full Stack
Licensed Professional Clinical Counselor California,https://remoteok.com//remote-jobs/remote-licensed-professional-clinical-counselor-california-headlight-1093087,2025-05-01,3d ago,💰 $35k - $60k*,🌏 Worldwide | 🇺🇸 United States,Not contractor,Headlight,Training,Consult,Support
Customer Success Manager,https://remoteok.com//remote-jobs/remote-customer-success-manager-revinate-1093085,2025-05-01,4d ago,💰 $33k - $58k*,🇦🇺 Australia,Not contractor,Revinate,Manager,SaaS,HR
Compliance Officer,https://remoteok.com//remote-jobs/remote-compliance-officer-bigverse-1091594,2025-05-01,4d ago,💰 $60k - $90k,🇨🇦 Canada,Not contractor,BIGVERSE,Legal,N/A,N/A
